,ID,SMILES,Mutagenicity
0,ref3_0,"CC(=O)NC1=C(C=CC(=C1)N(C COC(=O)C)CCOC(=O)C)N=NC 2=C(C=C(C=C2)[N+](=O)[O-
])Cl",1
1,ref3_1,C1=CC=C(C=C1)CCN(CCC#N) C2=CC=C(C=C2)N=NC3=C(C= C(C=C3)[N+](=O)[O-])Cl,1
2,ref3_2,"[O-
][N+](=O)c2ccc(/N=N/c1ccc(N( CCOC(=O)C)CCC#N)cc1)cc2",1
3,ref3_3,COC(=O)C(CCl)Cl,1
4,ref3_4,COC(=O)C(CSC(=N)N)Cl.Cl,1
5,ref3_5,"[Na+].[Na+].[Na+].[Na+].COC1
=C(C=CC(=C1)C1=CC(OC)=C( C=C1)\N=N\C1=C(C=C2C(C=C C(NC3=CC=CC=C3)=C2\N=N\ C2=C(C=CC(=C2)S([O-",1
6,ref3_6,[Na+].[Na+].[Na+].COC1=C(C= CC(=C1)C1=CC(OC)=C(C=C1)\ N=N\C1=C(C=C2C(C=CC(N)=C 2\N=N\C2=C(C=C(C=C2)[N+]([ O-])=O)C([O-])=O)=C1O)S([O-,1
7,ref3_7,"C1=CC(=C(C=C1[N+](=O)[O-
])C(=O)O)N/N=C\2/C(=CC=C3 C2=CC(=CC3=O)S(=O)(=O)[O-
])N.[Na+]",1
8,ref3_8,COC(=O)C(=C)Cl,1
9,ref3_9,C[C@H](CCl)C(=O)Cl,1
10,ref3_10,[H][C@@](C)(CCl)C(O)=O,1
11,ref3_11,"COC(=O)C1=C(C=CC(=C1)OC2
=C(C=C(C=C2)Cl)Cl)[N+](=O)[ O-]",1
12,ref3_12,C1=CC(=C(C=C1C2=CC(=C(C= C2)N)N)N)N,1
13,ref3_13,C\C=N\CCN,1
14,ref3_14,COC1=CC=C(C=C1)CCCl,1
15,ref3_15,C1=CC(=CC(=C1)N)C(=O)C2= CC(=CC=C2)N,1
16,ref3_16,CC(C)(C)C1=CC=C(C=C1)C(= O)NC1=CC(Cl)=C(C=C1O)[N+] ([O-])=O,1
17,ref3_17,"CN1C2=CC=CC=C2C3=CC=CC
=C31",1
18,ref3_18,CC1(CC(=O)OO1)OO,1
19,ref3_19,CCCOC1=CC=C(C=C1)C2=C3 C=C4C(=C(C(=O)O4)C5=CC=C C=C5)C=C3OC2=O,1
20,ref3_20,C1C=CCC2C1C(=O)N(C2=O)C C3CO3,1
21,ref3_21,CC(=O)OCC1CO1,1
22,ref3_22,C1=CC(=C(C=C1Cl)Cl)C(=O)C 2=C(C=C(C=C2)Cl)Cl,1
23,ref3_23,"C1=CC(=C(C(=C1[N+](=O)[O-
])Cl)F)Cl",1
24,ref3_24,C1C(C(O1)(F)F)(F)F,1
25,ref3_25,"C1C(N=C(S1)N=C(N)N)(CCl)O.
Cl",1
26,ref3_26,"C1=CC(=C(C(=C1[N+](=O)[O-
])F)F)F",1
27,ref3_27,"CC(C)C(C1(CCCC(C1=O)(Cl)Cl
)Cl)Cl",1
28,ref3_28,"CC(C)(C)CC(C)(C)C1=CC=C(C
=C1)OC2=C(C=C3C(=C2)N=C( O3)C(C)(C)C)[N+](=O)[O-]",1
29,ref3_29,"CC(=O)NC1=NC(=C(C=C1)[N+
](=O)[O-])Cl",1
30,ref3_30,C1=CC(=C(C(=C1)Cl)F)[N+](= O)[O-],1
31,ref3_31,"CCN(CC)C1=CC(C)=C(C=C1)\ N=N\C1=C(C=C(C=C1C#N)[N+
]([O-])=O)C#N",1
32,ref3_32,CC(C)(C)C1=NC2=CC(=C(C=C 2O1)[N+](=O)[O-])Cl,1
33,ref3_33,CC(N)C(OS(O)(=O)=O)C1=CC= C(Cl)C=C1,1
34,ref3_34,COC1=CC=CC(=C1)/C=C/C2=C C=CC=C2O,1
35,ref3_35,C1=CC=C(C(=C1)C(=O)C2=C( C=CC(=C2)[N+](=O)[O-])N)Cl,1
36,ref3_36,"C1=C(C=C(C(=C1Br)N)C(=S)N)
Br",1
37,ref3_37,"C1=C(C=C(C2=NSC(=C21)N)Br
)Br",1
38,ref3_38,ClC\C=C(\CCl)[Si](Cl)(Cl)Cl,1
39,ref3_39,"C1=C(C(=CC(=C1[N+](=O)[O-
])Cl)Cl)C(F)(F)F",1
40,ref3_40,"C1C(=O)N=C(N1/N=C/C2=CC= C(O2)C3=CC=C(C=C3)[N+](=O
)[O-])[O-].[Na+]",1
41,ref3_41,COC(=O)CO/N=C(/C(=O)CCl)\ C(=O)O,1
42,ref3_42,N(F)(F)F,1
43,ref3_43,O=C(OCC1CO1)C1=CC=C(C=C 1)C(=O)OCC1CO1,1
44,ref3_44,"ClC(Cl)(Cl)C(=O)NNC(=O)\C=C
\C1=CC2=C(O1)C=CC=C2",1
45,ref3_45,ClC(Cl)(Cl)C1=NN=C(O1)\C=C\ C1=CC2=CC=CC=C2O1,1
46,ref3_46,"CCN(CCOC(=O)C1=CC=CC=C 1)C1=CC=C(C=C1)\N=N\C1=N C2=C(S1)C=C(C=C2)[N+]([O-
])=O",1
47,ref3_47,[H][C@@](C)(NC(CC(=O)C1= CC=CC=C1)C(=O)OCC)C(O)= O,1
48,ref3_48,CCC(COC(=O)CCN1CC1C)(CO C(=O)CCN2CC2C)COC(=O)CC N3CC3C,1
49,ref3_49,"CC(C1=CC=C(OCC2CO2)C=C1
)C1=CC=C(OCC2CO2)C=C1",1
50,ref3_50,CCOC(=O)\C=C\C(=O)C1=CC= CC=C1,1
51,ref3_51,COC1=CC=CC(=C1)CCl,1
52,ref3_52,CC1=C(C=C2C(=C1)C3=C(S2(= O)=O)C(=C(C=C3)N)C)N,1
53,ref3_53,"CCOC(=O)\C=C\C1=CC=C(CBr
)C=C1",1
54,ref3_54,C1=CC(=CC=C1N)NNC=O,1
55,ref3_55,CC(CBr)C(=O)O,1
56,ref3_56,C1=CC2=C3C(=C1)C=CC4=C( C=CC(=C43)C=C2)C=O,1
57,ref3_57,"C1=CC(=C(C=C1[N+](=O)[O-
])Cl)F",1
58,ref3_58,"C1=CC(=C(C=C1[N+](=O)[O-
])F)F",1
59,ref3_59,CCN(CC)C1=CC(=C(C=C1)N= NC2=C(C=C(C=C2Br)[N+](=O) [O-])Br)NC(=O)C,1
60,ref3_60,"CC1=C(C#N)C(=N)SC\1=N/NC 1=C(Cl)C=C(C=C1)[N+]([O-
])=O",1
61,ref3_61,"CC1=NN(N=N1)CC2=C(N3[C@ @H]([C@@H](C3=O)NC(=O)/ C(=N\OC)/C4=CSC(=N4)N)SC2
)C(=O)OCOC(=O)C(C)(C)C",1
62,ref3_62,"NC1=C(C=C(C2=C1C(=O)C1=C (C=CC=C1)C2=O)[N+]([O-
])=O)C(=O)OC1CCCCC1",1
63,ref3_63,"CCC(=O)NC1=CC=CC(=C1)NC 2=CC(=C(C3=C2C(=O)C4=CC= CC=C4C3=O)N)S(=O)(=O)[O-
].[Na+]",1
64,ref3_64,CCCCCCCCOC1=CC=C(C=C1) [N+](=O)[O-],1
65,ref3_65,CP(Cl)Cl,1
66,ref3_66,"C1=CC(=C2C(=C1NCCNCCO) C(=O)C3=C(C=CC(=C3C2=O)O
)O)NCCNCCO.Cl.Cl",1
67,ref3_67,COCCN(CCOC)C1=CC(NC(C)= O)=C(C=C1)\N=N\C1=C2C=C( C=CC2=NS1)[N+]([O-])=O,1
68,ref3_68,CC(C)(C)C(=O)OCI,1
69,ref3_69,CCC(=C)C=O,1
70,ref3_70,"[O-
][N+](=O)C1=CC=C(Cl)C(=C1) C(=O)C1=C(Cl)C=CC=C1",1
71,ref3_71,"CC1=C(Cl)C=CC(=C1Cl)C(Cl)(
Cl)Cl",1
72,ref3_72,"CC1=CC(Cl)=C(Cl)C=C1C(Cl)(
Cl)Cl",1
73,ref3_73,C1=CC=C2C(=C1)C=CC3=CC= CC=C3C2=O,1
74,ref3_74,C1CC(C(=O)C(C1)(Cl)Cl)(Cl)Cl,1
75,ref3_75,OC1=CC=C(C=C1)\C=C\C1=N N=C(O1)C(Cl)(Cl)Cl,1
76,ref3_76,C1=CC=C(C=C1)CN(CCC#N)C 2=CC=C(C=C2)N=NC3=CC=C( C=C3)[N+](=O)[O-],1
77,ref3_77,CC(CCOC1=C(C2=C(C(=C1)O) C(=O)C3=CC=CC=C3C2=O)N) O,1
78,ref3_78,CC(OC(=O)Cl)Cl,1
79,ref3_79,"Cl.[O-
][N+](=O)C1=CC(=CC(C=O)=C 1)N1CCNCC1",1
80,ref3_80,CCC(=O)OCC1CO1,1
81,ref3_81,"[Na+].[Na+].CC1=CC(=CC=C1\ N=N\C1=CC=C(O)C=C1)C1=C C(C)=C(C=C1)\N=N\C1=C(O)C 2=C(C=C(C(\N=N\C3=CC=C(C
=C3)[N+]([O-])=O)=C2N)S([O-",1
82,ref3_82,C1C(O1)COC2=CC=CC=C2CC 3=CC=CS3,1
83,ref3_83,C1C(O1)COC2=CC3=C(C=C2) C(=CC=C3)OCC4CO4,1
84,ref3_84,"CC(C)(OO)C1=CC2=C(C=C1)C
=C(C=C2)C(C)(C)OO",1
85,ref3_85,CF,1
86,ref3_86,"C1=CC=C(C=C1)CN2C=CN=C2
CCl.Cl",1
87,ref3_87,CC(=O)OC1=C(C=CC=C1OC)C C2CO2,1
88,ref3_88,C1=CC=C(C=C1)NC(=O)CC(= O)CBr,1
89,ref3_89,CC(OC(=O)OC1CCCCC1)I,1
90,ref3_90,CO\N=C(/C(Cl)=O)C(=O)CBr,1
91,ref3_91,"[Cl-
].C[N+]1=CC=C(\C=C\C2=CC= C(N)C=C2)C=C1",1
92,ref3_92,ClCC(=O)\C=N\NC1=CC=C(Cl) C=C1,1
93,ref3_93,C1C[C@@H](O[C@@H]1CO) N2C=NC3=C2N=CN=C3N,1
94,ref3_94,C1C[C@@H](O[C@@H]1CO) N2C=NC3=C2NC=NC3=O,1
95,ref3_95,CSC(=S)NC1=CC=CC=N1,1
96,ref3_96,CC1=CC=C(C2=CC=CC=C12)C (=O)C,1
97,ref3_97,C(C(F)(F)I)(F)(F)F,1
98,ref3_98,CC(CO)(\N=N\C(C)(CO)C#N)C #N,1
99,ref3_99,[H][C@@]1(N)C(=O)N2C(C(= O)OCC3=CC=C(OC)C=C3)=C( CCl)CS[C@]12[H],1
100,ref3_100,"[H][C@@](CCCCNC(=O)C(F)(
F)F)(N[C@@]([H])(CC(=O)C1= CC=CC=C1)C(=O)OCC)C(O)= O",1
101,ref3_101,CC(=O)OC(C)(C)C(=O)Br,1
102,ref3_102,C1=CC(=CC(=C1)S(=O)(=O)NC 2=CC=C(C=C2)NNC=O)[N+](= O)[O-],1
103,ref3_103,C1=CC=C(C=C1)OC(=O)NC2= CC=C(C=C2)NNC=O,1
104,ref3_104,CC(=O)OC(C)(C)C(=O)Cl,1
105,ref3_105,"FC(=O)C(F)(F)C(F)(Cl)C(F)(F)C
l",1
106,ref3_106,"CN(C)C1=CC=C(C=C1)C(=C\C
=C)\C1=CC=C(Cl)C=C1",1
107,ref3_107,CC(=O)NC1=C2C(=C(C=C1)Br) C(=O)C3=CC=CC=C3C2=O,1
108,ref3_108,"CC1=C(C=C[N+](=C1C)[O-
])[N+](=O)[O-]",1
109,ref3_109,[H][C@]1(CC(=O)C(CC#C)=C1 C)OS(C)(=O)=O,1
110,ref3_110,C1C(O1)COC2=CC=C(C=C2)C 3=CC=C(C=C3)OCC4CO4,1
111,ref3_111,C1=CC(=CC(=C1)OC2=CC=C( C=C2)N)OC3=CC=C(C=C3)N,1
112,ref3_112,C(=C(F)F)(OC(C(C(F)(F)F)(F)F) (F)F)F,1
113,ref3_113,CCC1=NN(C(=C1Cl)C(=O)Cl)C,1
114,ref3_114,"CCCCCCCCN1C(=O)C(=C(S1)
Cl)Cl",1
115,ref3_115,CC1=C(C(=CC=C1)C)NN.Cl,1
116,ref3_116,COC1=C(C=C(C=C1)C(=O)Cl) OC,1
117,ref3_117,"ClC1=CC2=C3N(CCC3=CC=C2
)C1=O",1
118,ref3_118,"COC1=C(C=C(C=C1Cl)[N+](=O
)[O-])Cl",1
119,ref3_119,"C1[C@H]([C@@H]([C@H]([C
@@H]([C@H]1N)O[C@@H]2[
C@@H]([C@H]([C@@H]([C@
H](O2)CN)O)O)N)O)O)N",1
120,ref3_120,C=C(CCl)Cl,1
121,ref3_121,C1=COC(=C1)C(=O)Cl,1
122,ref3_122,[N-]=[N+]=NCC1=CC=CC=C1,1
123,ref3_123,C1=C(C=C(C=C1N)N)N,1
124,ref3_124,CC(=O)CC1=CC(=C(C=C1)OC) S(=O)(=O)Cl,1
125,ref3_125,CCN(CC)C1=CC(=C(C=C1)N= NC2=C(C(=C(S2)C=O)Cl)C#N) NC(=O)COC,1
126,ref3_126,C(NC(=O)N(CO)C1C(=O)N(C(= O)N1CO)CO)O,1
127,ref3_127,"C1=CC=C2C=C(C(=CC2=C1)C(
=O)NO)O",1
128,ref3_128,CC(=C)CBr,1
129,ref3_129,CCCC(C)(C)OOC(=O)OC(C)C,1
130,ref3_130,C1=CC(=CC=C1COC(=O)CC(= O)O)[N+](=O)[O-],1
131,ref3_131,[H][C@](C)(O)COC1=C(N)C=C C(F)=C1F,1
132,ref3_132,CCOC(=O)CCN.Cl,1
133,ref3_133,C=CCNC1=CC=CC=C1,1
134,ref3_134,CN1C=C(C2=CC=CC=C2C1=O) OCC3CO3,1
135,ref3_135,CCC#CCCl,1
136,ref3_136,C(F)(F)(F)S(=O)(=O)F,1
137,ref3_137,"C\C(N1CCCC1OS(C)(=O)=O)= N/C(=O)OCC1=CC=C(C=C1)[N
+]([O-])=O",1
138,ref3_138,[H][C@]1(S)CCN(C1)C(\C)=N\ C(=O)OCC1=CC=C(C=C1)[N+] ([O-])=O,1
139,ref3_139,"ClC(=O)C1CCCN1C(=O)OCC1
=CC=CC=C1",1
140,ref3_140,C1=CN=C(C(=N1)Cl)Cl,1
141,ref3_141,ClCC1CSC(CCl)CS1,1
142,ref3_142,COCC(C)OCC1CO1,1
143,ref3_143,"C1=CC=C(C(=C1)C(=O)C2=CC
=C(C=C2)F)Cl",1
144,ref3_144,C(CNCCNCCN)N.Cl.Cl,1
145,ref3_145,C=CCCBr,1
146,ref3_146,"CC(=O)N1CCC2=C1C=CC(=C2
)[N+](=O)[O-]",1
147,ref3_147,COC(=O)C1=C(N(C)N=C1Cl)S( Cl)(=O)=O,1
148,ref3_148,CC(CCl)(C=O)Cl,1
149,ref3_149,"COC1=CC(=CC(=C1OC)OC)/C
=C/C(=O)Cl",1
150,ref3_150,C1CNC2=C1C=C(C=C2)[N+](= O)[O-],1
151,ref3_151,C1=CC(=C(C=C1Br)[N+](=O)[ O-])O,1
152,ref3_152,CC1=CC=C(C=C1)C(Cl)Cl,1
153,ref3_153,C1C(OC(=O)O1)Cl,1
154,ref3_154,C1=CC(=CC=C1C(Cl)Cl)F,1
155,ref3_155,CC(=O)C1=C(C=C(C=C1)Cl)Cl,1
156,ref3_156,C1(C(OC(=O)O1)Cl)Cl,1
157,ref3_157,"CC1=CC(=C(C=C1)S(=O)(=O)C
l)C",1
158,ref3_158,"CC1=CC=C(C=C1)S(=O)(=O)[N
-][N+]#N",1
159,ref3_159,CCS(=O)(=O)Cl,1
160,ref3_160,C(C(F)(F)S(=O)(=O)F)(F)(F)F,1
161,ref3_161,[H][C@]1(O)C[C@@](N)(CC2= C(O)C3=C(C(=O)C4=C(C=CC= C4)C3=O)C(O)=C12)C(C)=O,1
162,ref3_162,C=C(CN=C=S)Cl,1
163,ref3_163,C1=C(SC(=N1)Cl)CCl,1
164,ref3_164,CC(C)(C)C#C,1
165,ref3_165,O=C=NCC1CSC(CN=C=O)CS1,1
166,ref3_166,ClC1=C(CCCC1C=O)C=O,1
167,ref3_167,CCN(CC)C1=CC2=C(C=C1)C(= CC(=S)O2)C,1
168,ref3_168,CC(=C)C(=O)OCC1=C2C=CC= CC2=CC3=CC=CC=C31,1
169,ref3_169,CN(C)P(N(C)C)(N(C)C)(Cl)Cl,1
170,ref3_170,CCN(CC)C1=CC=C(C=C1)\C=[ N+](/[O-])C1=CC=CC=C1,1
171,ref3_171,C(CCl)NCCCl.Cl,1
172,ref3_172,C1=CN=C(C=C1C#N)Cl,1
173,ref3_173,"COC(=O)CC1=CC=C(C=C1)CC
l",1
174,ref3_174,COC1=C(C=C(C=C1)NN)OC.Cl,1
175,ref3_175,C(/C=C/CBr)Br,1
176,ref3_176,C1CCN(CC1)C2CCN(CC2)C(= O)Cl,1
177,ref3_177,C(C(=O)C(Cl)(Cl)Cl)(Cl)Cl,1
178,ref3_178,C=CCN1C(=O)N(CC=C)C(=O) N(CC2CO2)C1=O,1
179,ref3_179,C(=O)(C(Br)(Br)Br)Cl,1
180,ref3_180,C(CBr)NCCBr.Br,1
181,ref3_181,"COCCN(CCOC)C1=CC(NC(C)= O)=C(C=C1)\N=N\C1=C(C=C(C
=C1C#N)[N+]([O-
])=O)[N+]([O-])=O",1
182,ref3_182,"CC1=CC(=C(C(=C1)Br)OCC=C
)C(C)(C)C",1
183,ref3_183,CC(=O)CC(=O)NCCO,1
184,ref3_184,CC1=C(Cl)C(=CC=C1Cl)C(Cl)( Cl)C1=CC=C(Cl)C(C)=C1Cl,1
185,ref3_185,"CC1=C(Cl)C=CC(C(=O)C2=CC
=C(Cl)C(C)=C2Cl)=C1Cl",1
186,ref3_186,"C1CC(OC1)COC2=CC=C(C=C2
)C3=C4C=C5C(=C(C(=O)O5)C6
=CC=CC=C6)C=C4OC3=O",1
187,ref3_187,"C1=CC2=C(C=NN2)C(=C1)[N+
](=O)[O-]",1
188,ref3_188,CC(C)(C1=CC=CC=C1)NC(=O) NCC2=CC=CC=C2Cl,1
189,ref3_189,C1=CC(=NC=C1C(Cl)(Cl)Cl)Cl,1
190,ref3_190,CCOCCl,1
191,ref3_191,"C1=C(C(=CC(=C1[N+](=O)[O-
])F)F)[N+](=O)[O-]",1
192,ref3_192,"C1=CC(=CC=C1COC(=O)CC(= O)OCC2=CC=C(C=C2)[N+](=O
)[O-])[N+](=O)[O-]",1
193,ref3_193,"C1=CC(=CC(=C1)[N+](=O)[O-
])CCBr",1
194,ref3_194,CCCCCCCCCCCCC1=CC=CC= C1S(=O)(=O)N=[N+]=[N-],1
195,ref3_195,"C1=CC2=C(C=CN2)C=C1[N+](
=O)[O-]",1
196,ref3_196,"CCN(CC)C1=C(OC)C=C(\N=N\ C2=C(C=C(C=C2Cl)[N+]([O-
])=O)[N+]([O-
])=O)C(NC(C)=O)=C1",1
197,ref3_197,C1COC(OC1)CCBr,1
198,ref3_198,"C1=CC(=NC(=C1[N+](=O)[O-
])N)Cl",1
199,ref3_199,"CCN(CC)C1=CC(NC(C)=O)=C( C=C1)\N=N\C1=C(C=C(C=C1Cl
)[N+]([O-])=O)[N+]([O-])=O",1
200,ref3_200,"C1=CC(=NC(=C1[N+](=O)[O-
])Cl)Cl",1
201,ref3_201,"C1=CC(=C(C(=C1)[N+](=O)[O-
])C#N)C#N",1
202,ref3_202,C1=CC=C(C(=C1)C#N)C2=CC= C(C=C2)CBr,1
203,ref3_203,COS(=O)(=O)C,1
204,ref3_204,CNC1=CC(=CC=C1)Cl,1
205,ref3_205,"C1=C(C(=C(C(=C1[N+](=O)[O-
])Cl)Cl)Cl)[N+](=O)[O-]",1
206,ref3_206,C1COC(O1)CCBr,1
207,ref3_207,CC(C)(C)\N=C\C=N\C(C)(C)C,1
208,ref3_208,C1=CC=C(C=C1)SC2=CC=CC= C2[N+](=O)[O-],1
209,ref3_209,C1=CC=C(C=C1)SC2=CC=CC= C2N,1
210,ref3_210,"COC1=C(NCCC#N)C=C(NC(C)
=O)C(=C1)\N=N\C1=C(C=C(C= C1Br)[N+]([O-])=O)[N+]([O-
])=O",1
211,ref3_211,"CCN(CCC#N)C1=C(OC)C=C(\N
=N\C2=C(C=C(C=C2Br)[N+]([ O-])=O)[N+]([O-
])=O)C(NC(C)=O)=C1",1
212,ref3_212,"CS(=O)(=O)C1=CC=C(C=C1)C(
=O)CBr",1
213,ref3_213,"Cl.ClC(=C/NC1=CC=CC=C1)\C
=N\C1=CC=CC=C1",1
214,ref3_214,"ClCCS(=O)(=O)CS(=O)(=O)CC
Cl",1
215,ref3_215,C=C(C(F)(F)F)Br,1
216,ref3_216,"C1=CC=C(C=C1)S(=O)(=O)CC
Cl",1
217,ref3_217,C1=CC=C2C(=C1)C=CC(=C2C 3=C(C=CC4=CC=CC=C43)O)O,1
218,ref3_218,C1C(O1)CC2=C(C(=CC=C2)CC 3CO3)OCC4CO4,1
219,ref3_219,C=CS(=O)(=O)C1=CC=CC=C1,1
220,ref3_220,"CC1CN1C(=O)C2=CC(=CC=C2
)C(=O)N3CC3C",1
221,ref3_221,COC1=C(C=C(C=C1)C2=CC=C C=C2)[N+](=O)[O-],1
222,ref3_222,"C1=CC(=C(C=C1[N+](=O)[O-
])O)NC(=O)C(C(C(F)(F)F)(F)F)( F)F",1
223,ref3_223,"CC(=O)NC1=CC=C(C=C1)S(=O
)(=O)N=[N+]=[N-]",1
224,ref3_224,C(C(F)(F)F)OS(=O)(=O)C(F)(F) F,1
225,ref3_225,C1=CC(=C(C=C1Br)[N+](=O)[ O-])Br,1
226,ref3_226,C1CC2=C3C(=CC=C2)CCCN3C 1,1
227,ref3_227,C1CNC2=C1C=CC(=C2)[N+](= O)[O-],1
228,ref3_228,C1COS(=O)O1,1
229,ref3_229,C(F)(F)(F)I,1
230,ref3_230,CC1=NC2=C(C1(C)C)C=C(C=C 2)[N+](=O)[O-],1
231,ref3_231,"[O-
][N+](=O)C1=CC(Br)=CC=C1S SC1=CC=C(Br)C=C1[N+]([O-
])=O",1
232,ref3_232,CC(=O)[C@]1(C[C@@H](C2= C(C3=C(C(=C2C1)O)C(=O)C4= CC=CC=C4C3=O)O)OC5C[C@ @H]([C@@H](CO5)O)O)N.Cl,1
233,ref3_233,ClCSCl,1
234,ref3_234,C(=C(F)F)Br,1
235,ref3_235,[Na+].NC1=CC=C([S-])C=C1,1
236,ref3_236,"C1=CC(=CC=C1[N+](=O)[O-
])OC2=C(C=C(C=C2)[N+](=O)[
O-])[N+](=O)[O-]",1
237,ref3_237,C=CC(=O)OCCCCOCC1CO1,1
238,ref3_238,"C1=CC(=CC=C1C2=NC3=C(N2
)C=C(C=C3)N)N",1
239,ref3_239,C1C(O1)C2=CC(=CC=C2)Cl,1
240,ref3_240,"CCCCN(CCO[N+]([O-
])=O)[N+]([O-])=O",1
241,ref3_241,C1=CC=C(C=C1)C2=CC(=CC= C2)CBr,1
242,ref3_242,C1CC1CI,1
243,ref3_243,"C1[C@H](O1)C2=CC(=CC=C2)
Cl",1
244,ref3_244,C1CCC(C1)(C2=CC=C(C=C2)[ N+](=O)[O-])C(=O)O,1
245,ref3_245,FC(=O)C(F)(C(F)(F)F)C(F)(F)F,1
246,ref3_246,"CC(=O)CC(=O)OCC1=CC=C(C
=C1)[N+](=O)[O-]",1
247,ref3_247,"CC1(CO1)C(=O)NC2=CC(=C(C
=C2)C#N)C(F)(F)F",1
248,ref3_248,CCOC(C1(CC1)C=O)OCC,1
249,ref3_249,C1=C(C=C(C(=C1Cl)OCCCO)C l)OCC=C(Cl)Cl,1
250,ref3_250,C1=C(C(=CC(=C1Cl)Cl)Cl)S(= O)(=O)Cl,1
251,ref3_251,ClCC1=NC2=C(CC3=C1C=CC= C3)C=CC=C2,1
252,ref3_252,CC(=O)N1CC(C2=C1C=C(C=C 2)[N+](=O)[O-])(C)C,1
253,ref3_253,"[H][C@](C)(N1[C@@]2([H])C[
C@]([H])(C=C2)[C@@]1([H])C (=O)OC)C1=CC=CC=C1",1
254,ref3_254,"[H][C@](C)(\N=C\C(=O)OC)C1
=CC=CC=C1",1
255,ref3_255,CC1COS(=O)(=O)O1,1
256,ref3_256,"C1=CC(=C(C=C1[N+](=O)[O-
])[N+](=O)[O-
])[N+]2=CC=C(C=C2)C3=CC=[ N+](C=C3)C4=C(C=C(C=C4)[N
+](=O)[O-])[N+](=O)[O-].[Cl-",1
257,ref3_257,"CC1=CC=CC=C1S(=O)(=O)C(= [N+]=[N-
])S(=O)(=O)C2=CC=CC=C2C",1
258,ref3_258,CC/C=C/C=O,1
259,ref3_259,"C1C2CC3CC1CC(C2)(C3)C(=O
)Cl",1
260,ref3_260,C1=CC(=C(C=C1C2=CC(=C(C= C2)O)N)N)O,1
261,ref3_261,"C1=CC(=C(C=C1N)N)OCCO.Cl
.Cl",1
262,ref3_262,FC(=O)C(F)(OC(F)(F)C(F)(F)S( F)(=O)=O)C(F)(F)F,1
263,ref3_263,"[Cl-
].CC1=CC(C)=C([N+]#N)C(C)= C1",1
264,ref3_264,[H][C@](C)(CCC)OS(C)(=O)=O,1
265,ref3_265,C=C[C@H]([C@@H]1CO1)O,1
266,ref3_266,C=CS(=O)(=O)C=C,1
267,ref3_267,CC1=CC=C(C=C1)S(=O)(=O)O C2=CC=CC=CC2=O,1
268,ref3_268,C1C(O1)COCC2=CC=C(C=C2) COCC3CO3,1
269,ref3_269,CC(C)(C)C1=CC(=C(C=C1)N)F,1
270,ref3_270,CS(=O)(=O)O[C@H]1CCN(C1) CC2=CC=CC=C2,1
271,ref3_271,"CC(=O)S[C@H]1C[C@H](N(C1
)C(=O)OCC2=CC=C(C=C2)[N+
](=O)[O-
])CN(C(=O)OC(C)(C)C)S(=O)(= O)N",1
272,ref3_272,"[H][C@]1(CN(C(=O)OCC2=CC
=C(C=C2)[N+]([O-
])=O)[C@]([H])(CO)C1)SC(C)= O",1
273,ref3_273,CC(=C)N1C(=O)N(C(=O)N(C1= O)CC2CO2)CC3CO3,1
274,ref3_274,FC(F)(F)C(F)(F)C(F)(F)C(F)(F)C COC(=O)C(Cl)=C,1
275,ref3_275,ON=C(Br)Br,1
276,ref3_276,CN1C(=C)C(C)(C)C2=C1C=CC 1=C2C=CC=C1,1
277,ref3_277,"CS(=O)(=O)O[C@@H]1C[C@H
](N(C1)C(=O)OCC2=CC=C(C= C2)[N+](=O)[O-])CO",1
278,ref3_278,"[H][C@]1(O)CN(C(=O)OCC2=
CC=C(C=C2)[N+]([O-
])=O)[C@@]([H])(C1)C(=O)OC",1
279,ref3_279,COC(=O)NC1=CC=C(C=C1F)C (C)(C)C,1
280,ref3_280,C1=CC=C2C(=C1)N=C3N2C(= O)C4=CC=CC5=C4C3=CC=C5,1
281,ref3_281,COC(=O)[C@@H]1C[C@H](C N1C(=O)OCC2=CC=C(C=C2)[ N+](=O)[O-])OS(=O)(=O)C,1
282,ref3_282,C=CCCCCCCCCC(=O)NN,1
283,ref3_283,"C1[C@H](O1)C2=CC=CC=C2C
l",1
284,ref3_284,"[H][C@@]1(S)CN(C(=O)OCC2
=CC=C(C=C2)[N+]([O-
])=O)[C@]([H])(CNS(N)(=O)=O
)C1",1
285,ref3_285,CCN(C1=CC=C(C=C1)N)C(C)C,1
286,ref3_286,C1=CC(=CC=C1CCC2=CC=C( C=C2)N)N,1
287,ref3_287,CC1=CC(N)=CC=C1CC1=CC= C(N)C=C1C,1
288,ref3_288,C1C(O1)COCC2CO2,1
289,ref3_289,"C1[C@@H](O1)COS(=O)(=O)C
2=CC=CC(=C2)[N+](=O)[O-]",1
290,ref3_290,CCOC(=O)C(\O)=C\C1=CC(OC COC)=NC=C1[N+]([O-])=O,1
291,ref3_291,CCCC1COS(=O)(=O)O1,1
292,ref3_292,C(C(CBr)(CBr)C(=O)O)Br,1
293,ref3_293,C1=CC(=CC=C1CBr)I,1
294,ref3_294,CC(=C)C(=O)OCOC1C2CC3CC (C2)CC1C3,1
295,ref3_295,[H][C@]1(C)C=C(CN1C(=O)O CC=C)C(=O)CCl,1
296,ref3_296,O=S1(=O)CS(=O)(=O)OCO1,1
297,ref3_297,"[O-
][N+](=O)C1=CC=CC2=C1N=N N2",1
298,ref3_298,"C[C@H]([C@@H]1[C@H]2CC(
=O)C(N2C1=O)C(=O)OCC3=C C=C(C=C3)[N+](=O)[O-])O",1
299,ref3_299,"C1=CC=C2C(=C1)C3=C(N2)C4
=CC(=C(C=C4C=C3)C(=O)[O-
])O.[Na+]",1
300,ref3_300,CC(C)(C)C1=NN(C(=C1)N)C,1
301,ref3_301,C1=CC=C(C=C1)[P+](CCCBr)( C2=CC=CC=C2)C3=CC=CC=C 3.[Br-],1
302,ref3_302,CC(C)(C(=O)O)Br,1
303,ref3_303,Cl.CS(=O)(=O)OC1CN(CC2=C C=CC=C2)C1,1
304,ref3_304,CC(C)(C)OP(=O)(OCCl)OC(C)( C)C,1
305,ref3_305,COC1=C(C=CC(=C1)C(=O)OC) N,1
306,ref3_306,ClCCC(=O)N1C2=C(C=CC=C2) C2=C1C=CC=C2,1
307,ref3_307,CCC(C)(C)OOC(=O)OC(C)C,1
308,ref3_308,COC1=C(C=CC(=C1)C(=O)OC) NC=O,1
309,ref3_309,COC1=C(C=CC(=C1)C(=O)OC) [N+](=O)[O-],1
310,ref3_310,COC1=C(N)C=C(C)C(=C1)\N= N\C1=CC=C(O)C(=C1)C(O)=O,1
311,ref3_311,N#CCCOCC1CO1,1
312,ref3_312,CCO\N=C(C(Cl)=O)\C1=NSC(N P(Cl)(Cl)=O)=N1,1
313,ref3_313,CCCCS(=O)(=O)Cl,1
314,ref3_314,C1=CC(=C(C=C1F)F)CBr,1
315,ref3_315,CCCC(C)(C)OOC(C)=O,1
316,ref3_316,CS(=O)(=O)OC1CNC1.Cl,1
317,ref3_317,"C1=CC(=C(C=C1OC2=CC(=NC
=C2)C(=O)N)F)N",1
318,ref3_318,C1=CC=C(C(=C1)CCl)C(Cl)Cl,1
319,ref3_319,CC1(C=CC2=C(O1)C=CC(=C2) [N+](=O)[O-])C,1
320,ref3_320,CC1=C(C=C(C=C1)NN)C.Cl,1
321,ref3_321,"C(=O)(C(Cl)(Cl)Cl)OC(=O)C(Cl
)(Cl)Cl",1
322,ref3_322,"C1=C[N+](=CC=C1[N+](=O)[O
-])[O-]",1
323,ref3_323,C1=CC=C2C(=C1)C(OC2=O)Cl,1
324,ref3_324,C1=C(NC(=N1)Cl)[N+](=O)[O-],1
325,ref3_325,"C1=C(N=CN1[N+](=O)[O-
])[N+](=O)[O-]",1
326,ref3_326,CN(C)C1=CC=C(C=C1)C(=O)C 2=C(C=C(C=C2)O)O,1
327,ref3_327,CCOC(=O)[C@H](CC1=CC=C( C=C1)[N+](=O)[O-])N.Cl,1
328,ref3_328,B(C1=CC=C(C=C1)CBr)(O)O,1
329,ref3_329,"C[C@H](C1=CC=CC=C1)NCC(
=O)C2=CC=C(C=C2)Br",1
330,ref3_330,C1=CC(=CC=C1C=O)C(=O)Cl,1
331,ref3_331,C#CC1=CC=C(C=C1)N,1
332,ref3_332,"[O-
][N+](=O)\C=C\C1=CC=C(Cl)C
=C1",1
333,ref3_333,CCOC(=O)C(F)Br,1
334,ref3_334,COC1=CC(=CC=C1CBr)[N+]([ O-])=O,1
335,ref3_335,COC1=C(C=CC(=C1)[N+](=O)[ O-])C2=CN=CO2,1
336,ref3_336,COC1=CC(=CC=C1C=O)[N+]([ O-])=O,1
337,ref3_337,"CC(=O)C1=C(C=CC(=C1)[N+](
=O)[O-])Cl",1
338,ref3_338,C1=CC=NC(=C1)C2=C(C=CC(= C2)[N+](=O)[O-])Cl,1
339,ref3_339,C(OS(=O)(=O)Cl)OS(=O)(=O)Cl,1
340,ref3_340,CC1=C(C)C(C)=C(NCCNCCNC 2=C(C)C(C)=C(C)C(C)=C2C)C( C)=C1C,1
341,ref3_341,C1C2CC3CC1CC(C2)N3[O],1
342,ref3_342,C1[C@@H](O1)CN2C(=O)C3= CC=CC=C3C2=O,1
343,ref3_343,FC1=CC(OC(=S)CCl)=CC(F)=C 1F,1
344,ref3_344,ClS(=O)(=O)C1CC2CC1C=C2,1
345,ref3_345,CCCS(=O)(=O)Cl,1
346,ref3_346,C1=CC=C2C(=C1)C=CC=C2OC C(CCl)O,1
347,ref3_347,C1C(O1)COC2=CC=CC3=CC= CC=C32,1
348,ref3_348,CC1=CC(=NC=C1)Br,1
349,ref3_349,C[Si](C)(C)N=[N+]=[N-],1
350,ref3_350,"CC(C)OC1=CC=C(C=C1)S(Cl)(
=O)=O",1
351,ref3_351,"C1=CC=C(C(=C1)F)S(=O)(=O)
Cl",1
352,ref3_352,CC(C)OS(=O)(=O)C,1
353,ref3_353,NC1=CC=C(OC2=CC=CC(=C2) C(F)(F)F)C(Cl)=C1,1
354,ref3_354,ClC1=C2NC=CC2=NC=N1,1
355,ref3_355,"CC(C(=O)C1=CC=C(C=C1)NC(
=O)C)Cl",1
356,ref3_356,C(C(C(CO)Br)Br)O,1
357,ref3_357,C1=CC(=CC=C1/C=N/O)Cl,1
358,ref3_358,COC1=C(N)C=CC(Br)=N1,1
359,ref3_359,CC(C)(C)OC(=O)N1CC(I)C1,1
360,ref3_360,ClCC1=C(C=O)C=CC=C1,1
361,ref3_361,OC1=CC=C(C=C1)C(=O)C=C,1
362,ref3_362,C=COCCCCOCC1CO1,1
363,ref3_363,CSCCCOS(=O)(=O)C1=CC=C( C)C=C1,1
364,ref3_364,"COC1=C(C=CC(=C1)F)[N+](=O
)[O-]",1
365,ref3_365,"C[C@@H](Cl)CN(CC(=O)OC(C
)(C)C)CC1=CC=CC=C1",1
366,ref3_366,"CC(C)SC1=CC=CC=C1[N+]([O
-])=O",1
367,ref3_367,"[O-
][N+](=O)C1=CC=C(C=C1)S(= N)(=O)C1CC1",1
368,ref3_368,"C1CC1SC2=CC=C(C=C2)[N+](
=O)[O-]",1
369,ref3_369,"[O-
][N+](=O)C1=C(OC2=C3C=CC
=C4C(=O)OC(=O)C(C=C2)=C3 4)C=CC=C1",1
370,ref3_370,COC1=CC=CC=C1OCC2CO2,1
371,ref3_371,CC(=C(C#N)C#N)C1=CC=C(C= C1)N,1
372,ref3_372,O=C(O[C@H]1OCC(=O)C=C1) C1=CC=CC=C1,1
373,ref3_373,CCC12COCN1COC2,1
374,ref3_374,CCCC(=O)C(C(=O)OCC)Cl,1
375,ref3_375,C1=CC(=CC2=C1C=CC(=O)N2) OCCCCCl,1
376,ref3_376,C1CC(CCC1COCC2CO2)COCC 3CO3,1
377,ref3_377,C1C(=O)C=CC(O1)O,1
378,ref3_378,CCCC(=O)OC[C@H]1CO1,1
379,ref3_379,CCCC(=O)OC[C@@H]1CO1,1
380,ref3_380,COC1=CC2=C(C=C1C(N)=O)C( OC1=CC=C(N)C(Cl)=C1)=CC= N2,1
381,ref3_381,COC(=O)C1=C(N)N(N=C1)C1= CC=CC=C1,1
382,ref3_382,ClC1=CC=CC(Cl)=C1N=O,1
383,ref3_383,"C1=CC(=C(C=C1C2=C(C(=O)C 3=C(C=C(C=C3O2)O)O)O[C@ H]4[C@@H]([C@H]([C@@H](
[C@H](O4)CO)O)O)O)O)O",1
384,ref3_384,[H][C@](C)(OC(=O)C(C)(C)C) C(=O)CCl,1
385,ref3_385,"C1=CC(=CC=C1C(=O)OC2=CC
=C(C=C2)[N+](=O)[O-
])[N+](=O)[O-]",1
386,ref3_386,C1=CC(=CC=C1C#N)C(=O)CBr,1
387,ref3_387,C\C=N\NCCC(=O)N(C)C,1
388,ref3_388,CN(C)C(=O)CCNN,1
389,ref3_389,C1=C(N=CS1)CCl,1
390,ref3_390,C=CCOC(C(F)Cl)(F)F,1
391,ref3_391,"C1=CC=C(C(=C1)C2=CC(=C(C
=C2)F)F)N",1
392,ref3_392,"[H][C@](C)(O)[C@@]1([H])C(
=O)N2C(C(=O)OCC3=CC=C(C
=C3)[N+]([O-
])=O)=C(S[C@]3([H])CN(C(=O
)OCC4=CC=C(C=C4)[N+]([O-",1
393,ref3_393,C1=CC(=CC=C1C2=CC=C(O2) C=O)[N+](=O)[O-],1
394,ref3_394,"C1C(=O)NC(=O)N1/N=C/C2=C C=C(O2)C3=CC=C(C=C3)[N+](
=O)[O-]",1
395,ref3_395,C1=CC=C2C(=C1)C=C3C=CC= CC3=C2Br,1
396,ref3_396,C1=CC=C2C(=C1)C3=CC=CC= C3N=C2Cl,1
397,ref3_397,CSC(=O)OC(C)Cl,1
398,ref3_398,CN1C(=O)N(C(=O)N(C1=O)CC 2CO2)CC3CO3,1
399,ref3_399,CC1=C(C2=C(C=CC=N2)C=C1) [N+](=O)[O-],1
400,ref3_400,COS(=O)(=O)C1CC2C=CC1O2,1
401,ref3_401,CC(=O)OC1COS(=O)(=O)C1,1
402,ref3_402,C(OF)(F)(F)F,1
403,ref3_403,C1C(CS(=O)(=O)O1)O,1
404,ref3_404,"CC(=O)COC(=O)CCN(CC1=CC
=CC=C1)C1=CC=C(C=C1)\N=N
\C1=CC=C(C=C1C#N)[N+]([O-
])=O",1
405,ref3_405,COCC(C)OC1=CC=C(C(Cl)=O) C(C)=C1,1
406,ref3_406,"CCOC(=O)CN(CC(=O)OC)C1= CC(NC(C)=O)=C(C=C1OC)\N= N\C1=C(C=C(C=C1Cl)[N+]([O-
])=O)[N+]([O-])=O",1
407,ref3_407,COCCOC(=O)C(=C)C#N,1
408,ref3_408,C#CC(F)(F)F,1
409,ref3_409,CS(=O)(=O)OCC#CCOS(=O)(= O)C,1
410,ref3_410,CCOC(=O)C(C(=O)OCC)NC1= CC=C(C=C1)OC2=CC=CC=C2,1
411,ref3_411,"C1=CC=C(C(=C1)C(C(=O)O)Br
)Cl",1
412,ref3_412,"C1=CC=C2C(=C1)C(=CC=C2Br
)CBr",1
413,ref3_413,C1=CC(=C(C=C1Br)N)N,1
414,ref3_414,"[H][C@@]1(COS(=O)(=O)C2= CC=C(C)C=C2)CN(C)C2=C(O1
)C=CC=C2",1
415,ref3_415,C=CS(=O)(=O)OCC#C,1
416,ref3_416,"CCOCOC(=O)C1CCC(CC1)C(O
)=O",1
417,ref3_417,CCOCOC(=O)C1CCC(CC1)C(= O)OCOCC,1
418,ref3_418,C1CCC(CC1)OCC2CO2,1
419,ref3_419,C(CCl)N(CCCl)C(=O)Cl,1
420,ref3_420,C(CS(=O)(=O)Cl)CCl,1
421,ref3_421,"COC(=O)C1=CC(=C(C=C1)C(C (=O)OC)C(=O)OC)[N+](=O)[O-
]",1
422,ref3_422,[Na+].[Na+].NC1=CC(N)=C(C= C1)N=NC1=CC=C(NC(=O)C2= CC=C(C=C2)\N=N\C2=C(C=C3 C=C(\C(=N/NC4=CC=CC=C4)C (=O)C3=C2N)S([O-,1
423,ref3_423,C1=CC=C(C(=C1)N)NC2=CC= C(C=C2)Br,1
424,ref3_424,CN1C(=O)N2C=NC(=C2N=N1) C(=O)N,1
425,ref3_425,CC1=CCOS(=O)(=O)C1,1
426,ref3_426,COC(=O)C1=CC=CC=C1C2=C C=C(C=C2)CBr,1
427,ref3_427,CCCCCCOCC1CO1,1
428,ref3_428,"CCN(CC)C1=CC(C)=C(C=C1)\ N=N\C1=NC=C(S1)[N+]([O-
])=O",1
429,ref3_429,CN(CCCCCCN(C)C(=O)Cl)C(= O)Cl,1
430,ref3_430,C1=CC=C2C(=C1)C(=O)N(C2= O)CCCCBr,1
431,ref3_431,COC(C(=O)OC)O,1
432,ref3_432,CCOC(=O)C1=C(SC(=C1C)C2= CC=C(C=C2)[N+](=O)[O-])N,1
433,ref3_433,CC(C)(C(=O)C1=CC=C(C=C1) Cl)N2CCOCC2,1
434,ref3_434,CS(=O)(=O)OCC1COS(=O)(=O) O1,1
435,ref3_435,"C1[C@H](O1)COCC2=CC=CC
=C2",1
436,ref3_436,CCOC(=O)OC\C(I)=C(\Br)I,1
437,ref3_437,CC(C1=CC=C(OCC(O)CCl)C=C 1)C1=CC=C(OCC(O)CCl)C=C1,1
438,ref3_438,OC(=O)\C=C\C1=CC=C(CBr)C= C1,1
439,ref3_439,Cl.CN(C)C1=CC2=C(C=C1C)N=C1C=C(C)C(=N)C=C1O2,1
440,ref3_440,CCN(CCN1C(=O)C=CC1=O)C1=CC(NC(C)=O)=C(C=C1)\N=N\ C1=CC=C(C=C1)[N+]([O-])=O,1
441,ref3_441,CCN(CCN1C(=O)C=CC1=O)C1=CC(NC(C)=O)=C(C=C1)\N=N\ C1=CC=C(C(Cl)=C1)[N+]([O-])=O,1
442,ref3_442,CC1OC(=O)OC1(C)Cl,1
443,ref3_443,CCCCNC(=O)C1=C(O)C2=C(C=C1)C(NC(=O)OCC(C)C)=CC= C2,1
444,ref3_444,CCCCNC(=O)C1=C(O)C2=C(C( Br)=C1)C(NC(=O)OCC(C)C)=C C=C2,1
445,ref3_445,FC(=O)C(F)(OC(F)(F)C(F)(F)C(F)(Cl)C(F)(F)Cl)C(F)(F)F,1
446,ref3_446,CCN(CC)C1=CC(NC(C)=O)=C( C=C1)\N=N\C1=C(C#N)C(Cl)= C(S1)C=O,1
447,ref3_447,[O-][N+](=O)C1=CC=C(C=C1)C(= O)OC1=CC=C(C=C(C#N)C#N) C=C1,1
448,ref3_448,NC1=CC=C(C=C1)S(=O)(=O)C 1=C(C=C(C=C1)[N+]([O-])=O)S(N)(=O)=O,1
449,ref3_449,[H][C@@]1(COC2(CCCCC2)O 1)[C@@]1([H])OC(=O)C(O)=C1O,1
450,ref3_450,CC(O)CNC(=O)C1=C(O)C2=C( C=CC=C2)C(OCCOC2=CC=C(C=C2)[N+]([O-])=O)=C1,1
451,ref3_451,CCN(CCCCOC(C)=O)C1=CC=C (\N=N\C2=C(C=C(S2)[N+]([O-])=O)C(C)=O)C(C)=C1,1
452,ref3_452,CCOC(=O)CCNC(=O)C1=C(O) C2=C(C=CC=C2)C(OC2=CC=C (C=C2)[N+]([O-])=O)=C1,1
453,ref3_453,CC(=O)C1=CC(=C(OCC2=CC= CC=C2)C=C1)[N+]([O-])=O,1
454,ref3_454,[O-][N+](=O)C1=C(OCC2=CC=CC=C2)C=CC(=C1)C(=O)CBr,1
455,ref3_455,CCCCN(CCCC)S(=O)(=O)C1=C C(=C(C=C1)N1OC(C)=CC1=O)[ N+]([O-])=O,1
456,ref3_456,)OCC1=CC=C(C=C1)[N+]([O-[H][C@](C)(O[Si](C)(C)C)[C@@]1([H])C(=O)N[C@]1([H])CC (=O)SC1CCN(C1)C(\C)=N\C(=O])=O,1
457,ref3_457,[O-][N+](=O)C1=CC=C(OC(=O)N2N=CC3=C2C=CC=C3[N+]([O-])=O)C=C1,1
458,ref3_458,[H][C@](C)(O[Si](C)(C)C)[C@ @]1([H])C(=O)N2C(C(=O)OCC 3=CC=C(C=C3)[N+]([O-])=O)=C(C[C@]12[H])S[C@@]1([H])CCN(C1)C(\C)=N\C(=O)O,1
459,ref3_459,[H][C@](C)(O[Si](C)(C)C)[C@@]1([H])C(=O)N[C@]1(CC(=O)S[C@@]1([H])CCN(C1)C(\C)= N\C(=O)OCC1=CC=C(C=C1)[N+]([O-,1
460,ref3_460,"[H][C@](C)(O)[C@@]1([H])C(=O)N2C(C(=O)OCC3=CC=C(C= C3)[N+]([O-])=O)=C(C[C@]12[H])S[C@@]1([H])CCN(C1)C(\C)=N\C(=O)O
",1
461,ref3_461,"CN(C)CCN1N=NN=C1SCC1=C(N2C(SC1)C(NSC1=CC=C(C=C1)[N+]([O-])=O)C2=O)C(O)=O
",1
462,ref3_462,[H][C@@]1(CSC(CNC1=O)C1= CC=CS1)NC(=O)OC(C)(C)C,1
463,ref3_463,OCC(Cl)C1=CC=CC=C1Cl,1
464,ref3_464,CC(=C)C(=O)OCCOC(=O)C1=CC(=CC(=C1)[N+]([O-])=O)[N+]([O-])=O,1
465,ref3_465,[H][C@](C)(OS(=O)(=O)C1=CC=C(C)C=C1)C(=O)OC,1
466,ref3_466,[H][C@@](CSC(C[N+]([O-])=O)C1=CC=CS1)(NC(=O)OC(C)(C)C)C(O)=O,1
467,ref3_467,CCOC(=O)C1=CC2=C(N1)C=CC(=C2)[N+]([O-])=O,1
468,ref3_468,CO\N=C(/C(Cl)=O)C1=NSC(N)=N1,1
469,ref3_469,NC1=CC2=C(OCC(=O)N2)C=C 1F,1
470,ref3_470,Cl.ClCCN1CCC(CC1)C#N,1
471,ref3_471,CC(C)C\C(C)=N\C1=CC2=C(OC C(=O)N2)C=C1F,1
472,ref3_472,CC(C)C\C(C)=N\C1=CC2=C(OC C(=O)N2CC#C)C=C1F,1
473,ref3_473,CC(=O)COC1=CC=C(C=C1)[N+]([O-])=O,1
474,ref3_474,OCN1C(=O)CN(CC#C)C1=O,1
475,ref3_475,"CCCCOC(=O)COC1=CC(F)=C(C=C1[N+]([O-])=O)[N+]([O-])=O
",1
476,ref3_476,CCC(C)(C)C1=CC=C(OCC(=O)NNC2=CC=C(N)C=C2)C=C1,1
477,ref3_477,CN(C)C(=O)C(Cl)(\N=N\C1=CC=C(Cl)C=C1C(=O)C1=CC=CC= C1Cl)C(C)=O,1
478,ref3_478,CC1=C(Cl)C=C[N+]([O-])=C1C,1
479,ref3_479,BrCC(Br)CN(NC=O)C=O,1
480,ref3_480,CCOC(=O)OC1=CC(=C(F)C=C1Cl)[N+]([O-])=O,1
481,ref3_481,OCCN1C2=C(C=CC=C2)C2=C1 C=CC(=C2)\N=N\C1=C(Cl)C=C (C=C1Cl)[N+]([O-])=O,1
482,ref3_482,NC1=C(C=C(S1)[N+]([O-])=O)C#N,1
483,ref3_483,CN(C)\C=N\C1=C(C=C(S1)[N+] ([O-])=O)C#N,1
484,ref3_484,[Cl-].N#CC1=NC(N=C1C#N)[N+]# N,1
485,ref3_485,CCC(=O)NC1=C(O)C2=C(C(NS (=O)(=O)C3=CC=CC(=C3)S(Cl) (=O)=O)=CC=C2)C(=C1)\N=N\ C1=CC=C(C=C1C#N)[N+]([O-])=O,1
486,ref3_486,CCCCCCCCCCCCCCCCNC(=O)C1=CC=C(N2OC(=C(COC3=C C=C(NS(=O)(=O)C4=CC=CC(= C4)S(=O)(=O)NC4=CC=CC5=C 4C(=CC(NC(=O)CC)=C5O)\N=,1
487,ref3_487,"[H][C@](C)(O[Si](C)(C)C(C)(C) C)[C@@]1([H])C(=O)N[C@@]1([H])[C@@]([H])(C)C(=O)C(= [N+]=[N-])C(=O)OCC1=CC=C(C=C1)[N+
",1
488,ref3_488,BrC1CCCC1,1
489,ref3_489,C=CC1=CC=C(CCC2CO2)C=C1,1
490,ref3_490,[Na+].CCC(=O)NC1=C(O)C2=C (C(NS(=O)(=O)C3=CC=CC(=C3)S([O-])(=O)=O)=CC=C2)C(=C1)\N=N\C1=CC=C(C=C1C#N)[N+]([O-,1
491,ref3_491,[O-][N+](=O)C=C(Cl)Cl,1
492,ref3_492,CCOC(=O)CC(=O)C1=C(Br)C= C(Br)C(F)=C1C,1
493,ref3_493,[O-][N+](=O)CC(Cl)(Cl)Cl,1
494,ref3_494,CCNC1=CC(NC(C)=O)=C(C=C 1OC)\N=N\C1=C(C=C(C=C1Cl) [N+]([O-])=O)[N+]([O-])=O,1
495,ref3_495,[Cl-].CC1=CC=[N+](C=C1)C1=CC= C(C=C1[N+]([O-])=O)[N+]([O-])=O,1
496,ref3_496,"COC(=O)COC1=CC=C(\C=C\C(=O)NNC(=O)C(Cl)(Cl)Cl)C=C1OC
",1
497,ref3_497,"CCN(CC)C1=CC(NC(C)=O)=C(C=C1)\N=N\C1=C(C=C(S1)[N+]([O-])=O)C(C)=O
",1
498,ref3_498,O=CCCC1CCCCC1=O,1
499,ref3_499,CCC(CC)OS(=O)(=O)C1=CC=C (C)C=C1,1
500,ref3_500,CCC1=CC=C(CCOS(C)(=O)=O) N=C1,1
501,ref3_501,CCOC(=O)C1=CC(Cl)=C(NC(C)=O)C=C1OCC,1
502,ref3_502,NC1=C(I)C(C(Cl)=O)=C(I)C(C(Cl)=O)=C1I,1
503,ref3_503,CC(C)C1=NC(CCl)=CS1,1
504,ref3_504,Cl.Cl.NC1=CC(N)=C(O)C=C1O,1
505,ref3_505,CC1=C[N+]([O-])=CC(C)=C1[N+]([O-])=O,1
506,ref3_506,CC(O)CC(C)(C)OO,1
507,ref3_507,CC1=CC=C(N\N=C\C2=CC=CC=C2)C=C1,1
508,ref3_508,O=C1NC2=C(C=C1)C=C(OCC1 CO1)C=C2,1
509,ref3_509,OC(CCl)COC1=CC2=C(NC(=O) C=C2)C=C1,1
510,ref3_510,O\N=C(\NC1=CC(OCCOC2=CC=CC=C2)=NN1)C1=CC(=CC=C 1)[N+]([O-])=O,1
511,ref3_511,Cl.[O-][N+](=O)C1=CC=CC(=C1)C(=N)NC1=CC(OCCOC2=CC=CC= C2)=NN1,1
512,ref3_512,NC1=CC=CC(=C1)C1=NN2N=C(OCCOC3=CC=CC=C3)C=C2N1,1
513,ref3_513,OC(=O)C1=CC(=CC=C1NC(=O)CF)[N+]([O-])=O,1
514,ref3_514,CC(=C)C(=O)OCN1C(=O)C2=C (C=CC=C2)C1=O,1
515,ref3_515,C=CS(=O)(=O)CS(=O)(=O)C=C,1
516,ref3_516,CCOC(=O)CN1C(=O)C(=O)NC2=C1C=C(N1C=CN=C1)C(=C2)[ N+]([O-])=O,1
517,ref3_517,C1C(CC2=C1C=CC=C2)=NC1= CC=CC=C1,1
518,ref3_518,CNC(=O)COC1=CC(C(=O)C(Cl)Cl)=C(F)C=C1,1
519,ref3_519,ClC(C1=CC=C(Cl)C=C1)C1=NC=CC=C1,1
520,ref3_520,CN(C)C1=CC=C(NC2=CC=C(C=C2)N=O)C=C1,1
521,ref3_521,CC1=CC=C(C=C1)S(=O)(=O)SCCl,1
522,ref3_522,NC1=C(O)C=CC(=C1)C1=CC= C(Br)C=C1,1
523,ref3_523,CNC(=O)COC1=CC(C2=NN(C) C(O)=C2)=C(F)C=C1Cl,1
524,ref3_524,ClC1=CC=CC(=C1)C(Br)=C,1
525,ref3_525,CCOC(=O)C1=C(OC(C)=O)C2=C(C=C(F)C(F)=C2)N=C1SC(C)Cl,1
526,ref3_526,CCC1=CC2=C(C=C1)C(OC)=C1 C=CC=CC1=C2OC,1
527,ref3_527,CCOC(=O)C(C)C1=CC=C(CCl) C=C1,1
528,ref3_528,"[O-][N+](=O)C1=C(C=CC=C1)S(=O)(=O)OCCCCCl
",1
529,ref3_529,CC1=CC=C(NN)C=C1F,1
530,ref3_530,OC1=CC(O)=C(C=C1)C(=O)C1=CC=C(O)C(O)=C1O,1
531,ref3_531,CCN(CCC#N)C1=CC(NC(C)=O)=C(C=C1OC)\N=N\C1=C2C=C(C=CC2=NS1)[N+]([O-])=O,1
532,ref3_532,C\C(=N/NC1=CC=C(C)C(F)=C1)C1CCCCC1,1
533,ref3_533,CC1=CC=C(C=C1)S(=O)(=O)N1CCC(Br)C(=O)C2=C1C=CC=C2,1
534,ref3_534,CC(C)C(\C)=N\NC1=CN=CC=C 1,1
535,ref3_535,[O-][N+](=O)C1=C(S)C=C(Cl)C=C1,1
536,ref3_536,C(SCC1CS1)C1CS1,1
537,ref3_537,C(SCC1CO1)C1CO1,1
538,ref3_538,CCC1=CC=C2C=C(C=CC=C12) C(C)C,1
539,ref3_539,CCC1=C2C=CC=C(C=C2C(=C1)C(=O)OC)C(C)C,1
540,ref3_540,Cl.C\C(=C/NC1=CC=CC=C1)\C=N\C1=CC=CC=C1,1
541,ref3_541,Cl.COC1=C(N)C=C(C=C1)C1= CC=CC=C1,1
542,ref3_542,CCC1(COCC2CO2)COC1,1
543,ref3_543,[O-][N+](=O)C1=CC=C(SCCl)C=C1,1
544,ref3_544,CCCCCCCCCCCCOC1=C(C=C(C=C1)[N+]([O-])=O)[N+]([O-])=O,1
545,ref3_545,CCCCCCCCCCCCOC1=C(N)C=C(N)C=C1,1
546,ref3_546,ClC(=O)C1=CC=C(NC(=O)C2= C(C=CC=C2)C2=CC=CC=C2)C=C1,1
547,ref3_547,[Na+].[O-]C(=O)C(Cl)C1=CC=C(C=C1)C1=CC=CC=C1,1
548,ref3_548,ClC(=O)C1=C(C=CC=C1)C1=C C=CC=C1,1
549,ref3_549,[O-][N+](=O)C1=CC2=C(C=CN2)C=C1,1
550,ref3_550,C(SSCC1CO1)C1CO1,1
551,ref3_551,Cl.ClCCN(CCCl)C(C1=CC=CC=C1)C1=CC=CC=C1,1
552,ref3_552,COC1=CC(=C(C=C1OCCCN1CCOCC1)C#N)[N+]([O-])=O,1
553,ref3_553,CC(=O)C1=C(F)C=CC(=C1)[N+]([O-])=O,1
554,ref3_554,[Br-].CS(=O)(=O)NC1=CC=C(F)C(=C1)C(=O)C[N+]12C[N@]3C[N@](C[N@](C3)C1)C2,1
555,ref3_555,Cl.COC1=CC(N)=C(OC)C=C1\N=N\C1=CC=C(C=C1)C(O)=O,1
556,ref3_556,CC(C)COC1CC(=O)C1Cl,1
557,ref3_557,COC1=C(C=CC(F)=C1F)[N+]([ O-])=O,1
558,ref3_558,CC(C)COC1=C(Cl)C(=O)C1(Cl)Cl,1
559,ref3_559,[H][C@](C)(O)[C@@]1([H])C(=O)N[C@@]1([H])[C@@]([H]) (C)C(=O)CC(=O)OCC1=CC=C( C=C1)[N+]([O-])=O,1
560,ref3_560,[H][C@](C)(O[Si](C)(C)C(C)(C) C)[C@@]1([H])C(=O)N[C@@]1([H])[C@@]([H])(C)C(=O)CC(=O)OCC1=CC=C(C=C1)[N+]([ O-])=O,1
561,ref3_561,CNS(=O)(=O)C1=CC2=C(C=C1)C(\N=N\C1=CC=C(C=C1O)[N+]([O-])=O)=C(N)C=C2,1
562,ref3_562,ClC1(CN2C3=C(SC4=C2C=CC= C4)C=CC=C3)CN2CCC1CC2,1
563,ref3_563,CN(CCCl)CC(Cl)C1=CC=CC=C 1,1
564,ref3_564,OCC1=CC=C(CCl)C=C1,1
565,ref3_565,[H][C@](C)(O)[C@@]1([H])C(=O)N[C@@]1([H])[C@@]([H]) (C)C(=O)C(=[N+]=[N-])C(=O)OCC1=CC=C(C=C1)[N+]([O-])=O,1
566,ref3_566,CCN(CC)C1=CC=C(\N=N\C2=C C=C(C=C2O)[N+]([O-])=O)C(O)=C1,1
567,ref3_567,CC(C)C(Cl)(Cl)C=O,1
568,ref3_568,COC1=C(F)C(F)=CC=C1N,1
569,ref3_569,O=C1CCC2=C(N1)C=CC=C2C C1CO1,1
570,ref3_570,C1CC2=NC3=C(C=CC=C3)C2= C1,1
571,ref3_571,NNC1=CN=CC=C1,1
572,ref3_572,CC(C)(C)OC(=O)C1=C(C=CC= C1)C1=CC=C(CBr)C=C1,1
573,ref3_573,Cl.COC1=CC=C(C=C1)\N=N\C1=CC=C(N)C=C1,1
574,ref3_574,[Cl-].COC1=CC=C(C=C1)[N+]#N,1
575,ref3_575,N\C(CCN1C(=O)C2=CC=CC=C 2C1=O)=N/OC(=O)C1=CC=C(C N2CCCCCC2)S1,1
576,ref3_576,ClCSS(=O)(=O)C1=CC=CC=C1,1
577,ref3_577,Cl.[H][C@@]1(N)C(=O)N2C(C(=O)OCC3=CC=C(C=C3)[N+]([O-])=O)=C(CS[C@]12[H])[C@]1([ H])CCCO1,1
578,ref3_578,Cl.[H][C@]1(O)C[C@@](N)(CC2=C(O)C3=C(C(O)=C12)C(=O)C1=C(C=CC=C1)C3=O)C1(C)O CC(C)(C)CO1,1
579,ref3_579,O\N=C(/Cl)C1=CC=C(C=C1)C# N,1
580,ref3_580,ClC(=C)CSC#N,1
581,ref3_581,[H][C@@]1(C[C@]([H])(OC(C)=O)[C@@]([H])(CO1)OC(C)=O)O[C@@]1([H])C[C@@](N)(CC2=C(O)C3=C(C(O)=C12)C(=O)C1=C(C=CC=C1)C3=O)C(C)=,1
582,ref3_582,COC1=CC(\N=N\C2=NC3=C(S2)C=C(C=C3)[N+]([O-])=O)=C(NC(C)=O)C=C1N(CCO C(C)=O)CCOC(C)=O,1
583,ref3_583,COCCOC1=C(OCCOC)C=C(C(=C1)C#N)[N+]([O-])=O,1
584,ref3_584,COC(=O)C1=CC(CCl)=CC=C1O C,1
585,ref3_585,CC(C)(C)C1=NN2C(=NN=C2C1(Cl)Cl)C(C)(C)CO,1
586,ref3_586,CC(=O)O\N=C\C1=CC2=C(SC3=C(C=CC=C3)C2=O)C=C1,1
587,ref3_587,COC(=O)C1=C(O)C2=C(C=C(Cl)S2)S(=O)(=O)N1,1
588,ref3_588,CC(C)(NC(=O)C(Br)(Br)Br)C(Cl)=O,1
589,ref3_589,[Cl-].ClC(=O)C1=[NH+]C=CN=C1,1
590,ref3_590,CC(C)CC1=CC=C(C=C1)S(Cl)(=O)=O,1
591,ref3_591,CC(=O)OCCCOC1=C(Cl)C=C(OCC=C(Cl)Cl)C=C1Cl,1
592,ref3_592,FC(F)(F)C(F)(C(=O)OC(F)(F)C(F)(F)C(F)(F)C(F)(F)OC(=O)C(F)(C(F)(F)F)C(F)(F)F)C(F)(F)F,1
593,ref3_593,FCON=C(C#N)C#N,1
594,ref3_594,COC(=O)C(=N/OCF)\C1=NSC(N)=N1,1
595,ref3_595,Cl.CC1=NC(CCl)=CS1,1
596,ref3_596,FC(F)(F)C(F)(F)C(F)(F)OC(F)(C(=O)OC(F)(F)C(F)(C(F)(F)F)C(F)(F)F)C(F)(F)F,1
597,ref3_597,COC(=O)CN=C(C1=CC=CC=C1)C1=CC=CC=C1,1
598,ref3_598,CN1C(C)=C(C)C2=C1C=CC1=C 2C=CC=C1,1
599,ref3_599,[Cl-].[Cl-].OC1=C(C=C(C=C1)[N+]1=CC=C(C=C1)C1=CC=[N+](C=C1)C 1=CC(=C(O)C=C1)C1=CC=CC= C1)C1=CC=CC=C1,1
600,ref3_600,[Br-].CC1=[N+](C)C2=C(C3=C(C=CC=C3)C=C2)C1(C)CC1=CC=CC=C1,1
601,ref3_601,CCN1CCCC2=C1C=C(C=C2)[N+]([O-])=O,1
602,ref3_602,CCC1=CC=C(C=C1)C#CC1=CC (F)=C(F)C=C1,1
603,ref3_603,O\C=C1/CCCC(C=O)=C1Cl,1
604,ref3_604,CC(C)[Si](OC(=O)N1C2=C(SC3=C1C=CC(=C3)N(C)C)C=C(C= C2)N(C)C)(C(C)C)C(C)C,1
605,ref3_605,COCCN1C(=C)C(C)(C)C2=C1C=CC1=C2C=CC=C1,1
606,ref3_606,COC(=O)C1=C2C=CC=CC=C2OC1=O,1
607,ref3_607,[H][C@](C=C)(N1C(=O)C2=CC=CC=C2C1=O)[C@@]1([H])CO1,1
608,ref3_608,COC(=O)CN(C(C)C(=O)OC)C1=CC(NC(C)=O)=C(C=C1OC)\N=N\C1=C(C=C(C=C1Cl)[N+]([O-])=O)C#N,1
609,ref3_609,CCOC(=O)C(C)C(\C)=N\C1=CC=C(C=C1F)C(C)(C)C,1
610,ref3_610,Cl.NCCOC(=O)CCCl,1
611,ref3_611,ClCCC(=O)OCCN=C=O,1
612,ref3_612,ClCCC(=O)OCCCCOC(=O)CCCl,1
613,ref3_613,CC(=C)C(=O)OC1C2OC3OC(C) (C)OC3C2OC1=O,1
614,ref3_614,COC1=CC=C(COC(=O)C2=C(CSC3C(NC(=O)CC4=CC=CC=C4)C(=O)N23)\C=C\CCl)C=C1,1
615,ref3_615,CC(C)C1=CC=C(\C=C\C(Cl)=O) C=C1,1
616,ref3_616,CCN1C2=C(C=C(C=C2)C(=O)\ C=C\C)C2=C1C=CC(=C2)C(=O) C1=CC=CC2=C1C=CC=C2,1
617,ref3_617,CC(=O)SNC(N)=O,1
618,ref3_618,CCN1C2=C(C=C(C=C2)C(\CC(C)NO)=N\O)C2=C1C=CC(=C2) C(=O)C1=CC=CC2=C1C=CC=C2,1
619,ref3_619,CCO\C(CC)=C\C1=[N+](CCCS([O-])(=O)=O)C2=CC3=C(OCO3)C= C2S1,1
620,ref3_620,OS(=O)(=O)C1=CC2=C(C=C1)C=C(Cl)C=C2,1
621,ref3_621,CC(C)OC1=CC=C(CCl)C=C1,1
622,ref3_622,FC1=C(F)C(CC(=O)CCCl)=CC= C1,1
623,ref3_623,OCCCCCOC(=O)CCCl,1
624,ref3_624,ClCCC(=O)OCCCCCOC(=O)C1=CC=CC(=C1)C#N,1
625,ref3_625,[Cl-].[O-][N+](=O)C1=CC=C(C(=C1)[N+]([O-])=O)[N+]1=CC=C(C=C1)C1=CC=NC=C1,1
626,ref3_626,[Cl-].[Cl-].[O-][N+](=O)C1=CC=C(C(=C1)[N+]([O-])=O)[N+]1=CC=C(C=C1)C1=CC=[N+](C=C1)C1=CC=CC=C1,1
627,ref3_627,ClCCC(=O)OCCCCCOC(=O)CCCl,1
628,ref3_628,ONC(=N)C1=CC(=CC=C1)C(=O)OCCCCCOC(=O)CCCl,1
629,ref3_629,Cl.ClC(=O)C1=CN=C(C=C1)C1=CC=CC=C1,1
630,ref3_630,[Cl-].C1=CC=C(C=C1)[N+]1=CC=C (C=C1)C1=CC=NC=C1,1
631,ref3_631,FC1=C(Br)C=CC=C1C(=O)CCl,1
632,ref3_632,Cl.CC(=O)C1=CC=CN1N,1
633,ref3_633,[H][C@]1(C)C=C(CN1C(=O)OCC=C)C(Cl)=O,1
634,ref3_634,NC1=CC(N)=C(C=C1)N(CC=C) CC=C,1
635,ref3_635,[O-][N+](=O)C1=CC=C(N(CC=C)CC=C)C(=C1)[N+]([O-])=O,1
636,ref3_636,C[C@]1(COS(=O)(=O)C2=CC=C(C=C2)[N+]([O-])=O)CO1,1
637,ref3_637,CN(C)C1=CC=C(C=C1)C(=O)C 1=CC=C(OC(C)=O)C=C1OC(=O)C(C)=C,1
638,ref3_638,COC(=O)C1=CC2=C(C=C1)C(= O)OC2Br,1
639,ref3_639,CCC1(COCCCCBr)COC1,1
640,ref3_640,COC(=O)C1=CC=C(CBr)C(C)= C1,1
641,ref3_641,CCOC(=O)C(C)(C)CC(Cl)=C,1
642,ref3_642,ONC1=CC=C(C=C1)C1=NCCO 1,1
643,ref3_643,[H][C@@]1(CO1)C1=CC=C(F) C(F)=C1,1
644,ref3_644,CCCCC\C=C\CCC(=O)NN,1
645,ref3_645,CCOC(=O)C(C)(C)CC(=O)CBr,1
646,ref3_646,COC(=O)C1=CC=C(COS(C)(=O)=O)C(C)=C1,1
647,ref3_647,C=COCC1CCC(COCC2CO2)CC 1,1
648,ref3_648,CCN1C(O)=C(\N=N\C2=CC=C(OC)C=C2[N+]([O-])=O)C(C)=C(C#N)C1=O,1
649,ref3_649,COC(=O)C(SC(=S)OC(C)C)SC(=S)OC(C)C,1
650,ref3_650,CCCC(=O)C1=CC=C(Br)C(=C1)[N+]([O-])=O,1
651,ref3_651,Cl.Cl\C(=N/C1=CC=CC2=NON= C12)C1=CN=C(C=C1)C1=CC= CC=C1,1
652,ref3_652,CSC1=C(C(SC)=NC(C)=C1)[N+]([O-])=O,1
653,ref3_653,CC(C)OC1=CC=C(C(=O)C(C)(C)N=[N+]=[N-])C(C)=C1,1
654,ref3_654,CC1=C(C=CC(OCCOC(=O)C2= CC=CC=C2)=C1)C1=CC=CC(C OS(C)(=O)=O)=C1,1
655,ref3_655,CCCC(=O)C1=CC=C(C#N)C(=C1)[N+]([O-])=O,1
656,ref3_656,FC1=CC=CC2=C1C(=CN2)C1( CC1)C#N,1
657,ref3_657,CSC1=C(NC(=O)CBr)C(SC)=NC(C)=C1,1
658,ref3_658,CCCCCCSC1=CC=C(N)C=C1,1
659,ref3_659,CCCCCCSC1=CC=C(C=C1)[N+]([O-])=O,1
660,ref3_660,CSC1=C(N)C(SC)=NC(C)=C1,1
661,ref3_661,CC(Cl)C(=O)C1=CC=C(NC(C)=O)C(=C1)[N+]([O-])=O,1
662,ref3_662,[H][C@@]12CC[C@@](CS(=O)(=O)ON3C(=O)C4=CC=CC5=C4C(=CC=C5)C3=O)(C(=O)C1)C2(C)C,1
663,ref3_663,O=C1OC2(C3=C1C=CC=C3)C1=C(OC3=C2C=CC(NC2=CC=C C=C2)=C3)C=C(NC2=CC=CC= C2)C=C1,1
664,ref3_664,CCN(CC)C1=NC(C)=CC=C1N,1
665,ref3_665,CC(=O)C\C=C\C(C)=C,1
666,ref3_666,CCOC(=O)C1(F)CCCC1=O,1
667,ref3_667,[O-][N+](=O)C1=CC=C(C=C1)S(=N\C(=O)C(F)(F)F)\C1CC1,1
668,ref3_668,FC(F)(COC(=O)CCCl)C(F)(F)OC(F)(F)C(C(F)(F)OC(F)(F)C(F)( F)COC(=O)CCCl)(C(F)(F)OC(F)(F)C(F)(F)COC(=O)CCCl)C(F)(F)OC(F)(F)C(F)(F)COC(=O)CCCl,1
669,ref3_669,FC1=CC(=CC=C1CBr)C1=C(C= CC=C1)C#N,1
670,ref3_670,NC1=C(C#N)C(=CS1)C1=CC=C(N)C=C1,1
671,ref3_671,COC(=O)OC(C)Cl,1
